User,veAEQ Balance at block 22721125,veAEQ % Owned,,Unlock Date (UTC),Lock last updated,,,
0xda7a763bde6ee9cafc3876ef33d67f8eed7891f7,142298.8518,18.1205,,"Thu, 26 Oct 2023 00:00:00 GMT",Mon Oct 31 2022,,,
0x5d166006367856a7d8028f822c7c236f9efa7a8d,104506.2542,13.3079,,"Thu, 02 Nov 2023 00:00:00 GMT",Wed Nov 02 2022,,,
0x69e02d001146a86d4e2995f9ecf906265aa77d85,41904.72612,5.3362,,"Thu, 26 Oct 2023 00:00:00 GMT",Wed Nov 02 2022,,,
0xcc5503137fc029a830fd8bf1c12bbd9ac4e3f0d7,"42,994.90",5.475,,"Thu, 19 Oct 2023 00:00:00 GMT",Tue Oct 25 2022,MATTADOR,40369.0902,5.1406
0x743b0ebc575bd24cd978d108b6e52c21c58d4079,35390.32834,4.5066,,"Thu, 31 Aug 2023 00:00:00 GMT",Thu Oct 27 2022,,,
0xc3530d160b48f19c14fec76f4c206441ba265c95,31131.79178,3.9644,,"Thu, 21 Sep 2023 00:00:00 GMT",Thu Oct 27 2022,,,
0xd5c49c80cbea2d5af7c4bee4ac2ce3f85a34a899,23667.68742,3.0139,,"Thu, 26 Oct 2023 00:00:00 GMT",Wed Oct 26 2022,,,
0xbc4e6a07646c564a333c971dedacdbc485fee5a8,20329.98822,2.5888,,"Thu, 26 Oct 2023 00:00:00 GMT",Wed Nov 02 2022,,,
0x2be237c75a2730b5ebae1de8f066cf57f59d12fe,20233.16226,2.5765,,"Thu, 26 Oct 2023 00:00:00 GMT",Wed Oct 26 2022,,,
0x7aea5f39c4cdacba9d3bed35eb73b07f89d71abe,17543.53435,2.234,,"Thu, 05 Oct 2023 00:00:00 GMT",Wed Oct 05 2022,,,
0xba9f68316932ae306806df192455e011af78ea1a,16301.30741,2.0758,,"Thu, 26 Oct 2023 00:00:00 GMT",Tue Nov 01 2022,,,
0x227c79a7464f08ea8aa5d9f8b22aa63adec79a9b,15036.93542,1.9148,,"Thu, 12 Oct 2023 00:00:00 GMT",Sat Oct 22 2022,,,
0x0cd852539cc13267eadb82be19e86ea1f61eb17e,14043.37228,1.7883,,"Thu, 26 Oct 2023 00:00:00 GMT",Wed Oct 26 2022,,,
0x16497ef5d7071a86f97f9140c651d68440527bc4,9829.967233,1.2518,,"Thu, 26 Oct 2023 00:00:00 GMT",Thu Oct 27 2022,,,
0xf7fc09f24a5f7e9a0fa36d99dd8dc877c3e0fed6,8696.821722,1.1075,,"Thu, 21 Sep 2023 00:00:00 GMT",Wed Sep 28 2022,,,
0x569bbc59d52907e2faf7dfa272a9a4ee0ba589a2,"12,108.59",1.5419,,"Thu, 21 Sep 2023 00:00:00 GMT",Mon Sep 26 2022,YAWNZ,8225.097513,1.0474
0xee02b046b42768e1ba2fb32d97d55824f3eb6e51,8167.644392,1.0401,,"Thu, 19 Oct 2023 00:00:00 GMT",Tue Oct 25 2022,,,
0xe166f5d72269b8f31aa9679351b626b6235cae05,7905.718154,1.0067,,"Thu, 19 Oct 2023 00:00:00 GMT",Thu Oct 27 2022,,,
0x0a10753cac8b635ee4e049814984cfaffa367c7b,7707.978002,0.9815,,"Thu, 05 Oct 2023 00:00:00 GMT",Tue Oct 18 2022,,,
0x1a61bf28f66451bd43e7be5fb788a2b1f5f4231f,7475.870852,0.952,,"Thu, 26 Oct 2023 00:00:00 GMT",Wed Oct 26 2022,,,
0x5d2f1caaf44c0ef31e2381b9aa3a7e930084ff68,6910.484194,0.88,,"Thu, 12 Oct 2023 00:00:00 GMT",Sun Oct 16 2022,,,
0xc911faaa3e4755a5aa451f394295062e0ae623d1,6680.756337,0.8507,,"Thu, 28 Sep 2023 00:00:00 GMT",Tue Oct 11 2022,,,
0x8b8535c33783752ffbdb461865fdca1f26f74e4a,6169.889623,0.7857,,"Thu, 02 Nov 2023 00:00:00 GMT",Wed Nov 02 2022,,,
0x28a143b4ed91934ac11270d99dc5896299bfd04b,6117.545585,0.779,,"Thu, 26 Oct 2023 00:00:00 GMT",Fri Oct 28 2022,,,
0x19868b43cc7e16f8a928c500400d24f1b5f2dcff,6017.992145,0.7663,,"Thu, 17 Aug 2023 00:00:00 GMT",Thu Oct 27 2022,,,
0xe14ae9ec6090d023f77e00e4b6f00a0f748ed895,5927.583002,0.7548,,"Thu, 05 Oct 2023 00:00:00 GMT",Fri Oct 07 2022,,,
0xa1094c4d9b850fc4cce29ed14df184bc4752078e,5829.593095,0.7423,,"Thu, 12 Oct 2023 00:00:00 GMT",Fri Oct 28 2022,,,
0x05ab06939adb5a0c4c5b5e4e35716296e69e456b,"8,137.42",1.0362,,"Thu, 12 Oct 2023 00:00:00 GMT",Sun Oct 30 2022,CRYPZOM,5589.090087,0.7117
0x39462b901f1ecd486ee9e32f7fd1a1e836827831,5406.962331,0.6885,,"Thu, 28 Sep 2023 00:00:00 GMT",Wed Sep 28 2022,,,
0xccb666491bed5efb638cafeb5a296ffa8853e5f7,5291.068523,0.6738,,"Thu, 14 Sep 2023 00:00:00 GMT",Sun Sep 18 2022,,,
0xd084d8b981a3fa3232380fc569207054b31b2c0e,4857.561187,0.6186,,"Thu, 02 Nov 2023 00:00:00 GMT",Wed Nov 02 2022,,,
0x3ff07607c5c8c619c69b1fd4c08aebf069aa10c7,4314.012947,0.5494,,"Thu, 14 Sep 2023 00:00:00 GMT",Tue Sep 27 2022,,,
0x25d7500f6ff9316a0587fe01faaf7daf4af15e73,0,0,,"Thu, 07 Sep 2023 00:00:00 GMT",Mon Sep 12 2022,YAWNZ,3883.496925,0.4945
0xf0c481024b0097916fb9ac0156cc8fb08a29f9f7,3659.449468,0.466,,"Thu, 26 Oct 2023 00:00:00 GMT",Sun Oct 30 2022,,,
0x04dffde6ca95b0c002345014745bd75fbf7523ce,3625.111162,0.4616,,"Thu, 19 Oct 2023 00:00:00 GMT",Fri Oct 28 2022,,,
0xe92e71714cf612485aa9f0be316a3d5e98906435,3033.599846,0.3863,,"Thu, 28 Sep 2023 00:00:00 GMT",Sun Oct 02 2022,,,
0x6d09dd88bd80596746e482d208def2f26bfd2601,3020.62802,0.3846,,"Thu, 14 Sep 2023 00:00:00 GMT",Sun Sep 18 2022,,,
0xb69ec3f5f3e103f79cb14dba669fb24c7d1c9967,3000.852479,0.3821,,"Thu, 19 Oct 2023 00:00:00 GMT",Fri Oct 28 2022,,,
0xc12ca084236a042a658c28c894df95e3b80de125,2943.412566,0.3748,,"Thu, 12 Oct 2023 00:00:00 GMT",Tue Oct 18 2022,,,
0xa12be400f22c8cb89e29cd95a4031420374b5e8c,2680.831251,0.3414,,"Thu, 26 Oct 2023 00:00:00 GMT",Wed Oct 26 2022,,,
0xabcd018b36ea7a16fdb177f85988e156182046ca,2641.052623,0.3363,,"Thu, 26 Oct 2023 00:00:00 GMT",Wed Nov 02 2022,,,
0xb84a313fc5bb3d8dda31e6cf2b510539e6cd96c7,0,0,,"Thu, 12 Oct 2023 00:00:00 GMT",Wed Oct 12 2022,COSMO,2625.807694,0.3344
0xc48983f3400965a483cdfcfc4288f369bbbf9f20,0,0,,"Thu, 05 Oct 2023 00:00:00 GMT",Tue Oct 18 2022,CRYPZOM,2548.33136,0.3245
0x1b30f8ee9d7718b182bad677c06980e5a0668526,2527.604255,0.3219,,"Thu, 26 Oct 2023 00:00:00 GMT",Tue Nov 01 2022,,,
0x16d088a79d7d36213618263184783fb4d6375e33,2523.464101,0.3213,,"Thu, 19 Oct 2023 00:00:00 GMT",Fri Oct 21 2022,,,
0x11175a05d2cbdf6f823ef8f26be55773d80768fd,2379.718883,0.303,,"Thu, 31 Aug 2023 00:00:00 GMT",Wed Sep 14 2022,,,
0xf29fd03df2cb7f81d8ae4d10a76f8b1c898786bd,2322.537497,0.2958,,"Thu, 24 Aug 2023 00:00:00 GMT",Tue Sep 06 2022,,,
0xb14925c2a470a2410a30f4a052a16700f0c167d8,2229.501343,0.2839,,"Thu, 07 Sep 2023 00:00:00 GMT",Wed Sep 21 2022,,,
0xcb53bb0a7086363b7b962a2a5a877fcdcc76555a,2171.174937,0.2765,,"Thu, 07 Sep 2023 00:00:00 GMT",Fri Sep 16 2022,,,
0x7123df3d6f6813737cc033659084ee834b12ec7b,2155.502539,0.2745,,"Thu, 14 Sep 2023 00:00:00 GMT",Fri Sep 16 2022,,,
0x1b40953944a0d0a1628642b1a1d773db5799057c,2115.619163,0.2694,,"Thu, 05 Oct 2023 00:00:00 GMT",Mon Oct 31 2022,,,
0xb173e5d2eb505181f005cf457926453725d9a26d,2081.939663,0.2651,,"Thu, 17 Aug 2023 00:00:00 GMT",Thu Sep 22 2022,,,
0x5b39829b09a1b81e920a0c514a46a390cb0aa4cb,2029.421507,0.2584,,"Thu, 17 Aug 2023 00:00:00 GMT",Sun Sep 25 2022,,,
0x8bf3218b944cb6291adff26dc4f36e8b7453a518,2014.924946,0.2566,,"Thu, 21 Sep 2023 00:00:00 GMT",Thu Sep 29 2022,,,
0x7f6f11fe804622f546c9e925f11e073d217321a7,1965.879336,0.2503,,"Thu, 19 Oct 2023 00:00:00 GMT",Thu Oct 20 2022,,,
0xfd6e577bc642238e1e091432eec1a9f83fbbe03b,1746.263519,0.2224,,"Thu, 12 Oct 2023 00:00:00 GMT",Fri Oct 21 2022,,,
0xa2091aa24bf43649dc11f46a4034d5602173df05,1684.280179,0.2145,,"Thu, 31 Aug 2023 00:00:00 GMT",Thu Sep 15 2022,,,
0x5821a1b92940a25a123852946de51b600e69e34f,1672.439611,0.213,,"Thu, 26 Oct 2023 00:00:00 GMT",Wed Oct 26 2022,,,
0x66184928f9ed4deb086da37ed0e51c1041514ee3,1645.596422,0.2096,,"Thu, 31 Aug 2023 00:00:00 GMT",Tue Oct 11 2022,,,
0x37e014215902ba306da13464a613f2e38578a6d0,1534.6447,0.1954,,"Thu, 19 Oct 2023 00:00:00 GMT",Thu Oct 27 2022,,,
0xb565d5c50d9477e99eaf4cc03b904326f673030e,1532.00422,0.1951,,"Thu, 28 Sep 2023 00:00:00 GMT",Fri Sep 30 2022,,,
0x28acc5e98fc5fdb00bc3ae998e50ade500206e8a,1496.633575,0.1906,,"Thu, 07 Sep 2023 00:00:00 GMT",Thu Sep 08 2022,,,
0x00426ec496d6aeac556fbd3e1e00a307ab7f5211,1488.972439,0.1896,,"Thu, 17 Aug 2023 00:00:00 GMT",Thu Sep 15 2022,,,
0xc14123749de3a0a8ecab775f2bb11b9c5db5e6eb,1409.637889,0.1795,,"Thu, 17 Aug 2023 00:00:00 GMT",Thu Oct 27 2022,,,
0xd13a06e565f0409017e89d057a289bdc433d6da1,1334.488603,0.1699,,"Thu, 24 Aug 2023 00:00:00 GMT",Fri Oct 07 2022,,,
0xb0c4b5f561147b63cfa81f502113c18a8b8c8643,1306.842767,0.1664,,"Thu, 10 Aug 2023 00:00:00 GMT",Wed Nov 02 2022,,,
0xa81a1a69738e26cb847114fa17e2f2b40fb12cf4,1256.826295,0.16,,"Thu, 21 Sep 2023 00:00:00 GMT",Fri Sep 23 2022,,,
0xc2aa39a914c55b1d86aac2d41cc09e15ba28adc8,1215.046419,0.1547,,"Thu, 19 Oct 2023 00:00:00 GMT",Wed Oct 26 2022,,,
0x65cc0a1a964a60b26f402b737762f41424bb2c0e,1193.653951,0.152,,"Thu, 05 Oct 2023 00:00:00 GMT",Wed Oct 19 2022,,,
0x9ce4e0665f090090c069d0c6fd6132d5755e54bf,1176.689217,0.1498,,"Thu, 19 Oct 2023 00:00:00 GMT",Mon Oct 31 2022,,,
0x9d2c87f55ace54b382912c3754fbf879e237dbee,1141.763413,0.1454,,"Thu, 07 Sep 2023 00:00:00 GMT",Tue Sep 13 2022,,,
0xe2b79bf57d239d114fccf0e51e9a084b0bf3acf1,1069.375502,0.1362,,"Thu, 19 Oct 2023 00:00:00 GMT",Thu Oct 27 2022,,,
0x154a1799c339f1d2eab56b46a5985d79f9c42874,1061.238362,0.1351,,"Thu, 05 Oct 2023 00:00:00 GMT",Mon Oct 17 2022,,,
0xd01a7916173a65212e83f7e10607cbc502c10749,986.8614385,0.1257,,"Thu, 05 Oct 2023 00:00:00 GMT",Tue Oct 11 2022,,,
0x8b63132ea07ab898afe389d393070b325d8277b9,920.6334031,0.1172,,"Thu, 05 Oct 2023 00:00:00 GMT",Wed Oct 05 2022,,,
0xeac35f2638feabc375d05d418f9904b0c8d6dc68,916.3991526,0.1167,,"Thu, 26 Oct 2023 00:00:00 GMT",Wed Oct 26 2022,,,
0xd3f1070b46e2aad65733e5a6d1cfd029c67b0791,870.219731,0.1108,,"Thu, 31 Aug 2023 00:00:00 GMT",Tue Oct 25 2022,,,
0xbf876cf9057aaf1eca78cdde94749a547bd8e63d,863.0991565,0.1099,,"Thu, 14 Sep 2023 00:00:00 GMT",Sun Sep 18 2022,,,
0xb234182bd57526686cd6db545c34daa04942daa8,849.9009826,0.1082,,"Thu, 31 Aug 2023 00:00:00 GMT",Thu Sep 01 2022,,,
0x3c5e4523b65cb0dea5247bb6b6b2de60688971cb,838.4589527,0.1068,,"Thu, 21 Sep 2023 00:00:00 GMT",Thu Sep 22 2022,,,
0x94debc57081c4c58dd69f4dfce589b82fc3c2866,825.3071707,0.1051,,"Thu, 17 Aug 2023 00:00:00 GMT",Thu Oct 06 2022,,,
0x5c2cebfc43349ee1e4dace71163ad7508ec3afa9,819.1106634,0.1043,,"Thu, 21 Sep 2023 00:00:00 GMT",Tue Nov 01 2022,,,
0x781096e8a3ec3a307c620a972535043896682013,795.490792,0.1013,,"Thu, 31 Aug 2023 00:00:00 GMT",Wed Aug 31 2022,,,
0x840800b500974851df219dc7c558a6b0bcc0ed58,785.7676408,0.1001,,"Thu, 12 Oct 2023 00:00:00 GMT",Wed Oct 12 2022,,,
0x3136be7a1fc3baf61e36202f94b9fbfde676e114,745.3457141,0.0949,,"Thu, 26 Oct 2023 00:00:00 GMT",Thu Oct 27 2022,,,
0xd854a9f15f3fab95db38db30da1cf81aa9320b88,700.8276047,0.0892,,"Thu, 14 Sep 2023 00:00:00 GMT",Sat Oct 01 2022,,,
0x12d26abf06eb3499bcca8be7f5381647b56d53ee,688.1917643,0.0876,,"Thu, 05 Oct 2023 00:00:00 GMT",Thu Oct 13 2022,,,
0x901c7399a5561c12584b55e327d6fcedf8ef9428,647.7882711,0.0825,,"Thu, 28 Sep 2023 00:00:00 GMT",Tue Oct 04 2022,,,
0x4d98d36ae16fa325bc13a9cc15d64648bda42d8c,642.2513794,0.0818,,"Thu, 26 Oct 2023 00:00:00 GMT",Thu Oct 27 2022,,,
0x3e8c91472fc50a8528e448ff501af9bf8c00cceb,629.0415925,0.0801,,"Thu, 26 Oct 2023 00:00:00 GMT",Fri Oct 28 2022,,,
0x9f83a430081fbc7d03b36c1115213de1d8217d83,624.830557,0.0796,,"Thu, 05 Oct 2023 00:00:00 GMT",Thu Oct 27 2022,,,
0xe06500f6b2c463cb0fc384251ecc3e49001c696d,617.2995765,0.0786,,"Thu, 12 Oct 2023 00:00:00 GMT",Thu Oct 20 2022,,,
0x4477faf75af68a845fba18a72fe65d0eb3073ba1,612.919332,0.078,,"Thu, 28 Sep 2023 00:00:00 GMT",Fri Sep 30 2022,,,
0x7efdec1d3fa35a11906928c5b4416c5c8ebb8ff6,609.5865034,0.0776,,"Thu, 26 Oct 2023 00:00:00 GMT",Thu Oct 27 2022,,,
0x5faa3c4b1c41887b2ae1391237dff44d58815aab,604.0935795,0.0769,,"Thu, 12 Oct 2023 00:00:00 GMT",Thu Oct 27 2022,,,
0x9deb607b7e92096df55b02aa563e82f612fd0def,601.5560209,0.0766,,"Thu, 17 Aug 2023 00:00:00 GMT",Mon Aug 22 2022,,,
0x3a279a6ff38edc992a7fe3aea2024a55fb7dfdba,599.2156013,0.0763,,"Thu, 12 Oct 2023 00:00:00 GMT",Fri Oct 28 2022,,,
0xd8b87a01980eb792e3bc030bdec42db2b9b5cbfc,598.9133072,0.0763,,"Thu, 28 Sep 2023 00:00:00 GMT",Tue Oct 04 2022,,,
0x2e86d29cfea7c4f422f7fccf97986bbba03e1a7f,563.9661241,0.0718,,"Thu, 05 Oct 2023 00:00:00 GMT",Sun Oct 09 2022,,,
0xf73484a987ed44b6926996c1c6cdd460807246bf,563.224521,0.0717,,"Thu, 14 Sep 2023 00:00:00 GMT",Sun Oct 02 2022,,,
0xc82307702e339227fc154abb7b13a402c156748d,562.5301902,0.0716,,"Thu, 24 Aug 2023 00:00:00 GMT",Thu Aug 25 2022,,,
0x2ec9912157a1d0a813fdc7ac2b76203741cb4a8e,560.8325359,0.0714,,"Thu, 07 Sep 2023 00:00:00 GMT",Tue Sep 20 2022,,,
0xc4359587c848e6cace36bf6a6b326c8d16d36bd8,560.3495242,0.0714,,"Thu, 17 Aug 2023 00:00:00 GMT",Thu Aug 25 2022,,,
0x64f830a199bf057b157e8f1b6ab56bc157a87b11,547.2174415,0.0697,,"Thu, 19 Oct 2023 00:00:00 GMT",Wed Oct 26 2022,,,
0xa9c4066447cffea1f8dbe3ee44bf6aa3344d932f,534.5101409,0.0681,,"Thu, 05 Jan 2023 00:00:00 GMT",Sat Sep 17 2022,,,
0x9b8b0292434d70a925216f09015842c15851f3f2,518.7962966,0.0661,,"Thu, 26 Oct 2023 00:00:00 GMT",Thu Oct 27 2022,,,
0x1b184a64cb8a2efb161c9dcdd4565413bfeec81d,516.7954356,0.0658,,"Thu, 26 Oct 2023 00:00:00 GMT",Wed Oct 26 2022,,,
0xe7f998a644771b4c271205aa66d32820ae95e7f5,499.1072834,0.0636,,"Thu, 19 Oct 2023 00:00:00 GMT",Sun Oct 23 2022,,,
0x170ca91deeef8141e57881f8566ff6aaa291320d,462.7929116,0.0589,,"Thu, 31 Aug 2023 00:00:00 GMT",Sat Sep 10 2022,,,
0x591c26a167533c1f5346640ac935a6c48e380ed7,439.3080067,0.0559,,"Thu, 12 Oct 2023 00:00:00 GMT",Fri Oct 14 2022,,,
0xa850ba793f7e9507a6e797b4bd77834b34e01a1a,426.376959,0.0543,,"Thu, 21 Sep 2023 00:00:00 GMT",Wed Sep 21 2022,,,
0x5c3d14e1da2d26a86f46cbb8c05f51f9ff199390,412.7227306,0.0526,,"Thu, 05 Oct 2023 00:00:00 GMT",Wed Oct 05 2022,,,
0xfa59dd7e6eb82ba5ab01aef84d85c9c6b3904e74,384.3313827,0.0489,,"Thu, 28 Sep 2023 00:00:00 GMT",Wed Sep 28 2022,,,
0x8be3ec7cde3e275c958b1896ae75dacdfbe9b02e,377.4698303,0.0481,,"Thu, 12 Oct 2023 00:00:00 GMT",Thu Oct 27 2022,,,
0xe239c3bacbe08e0569ac6651b3ac264ca5e772bf,363.8566232,0.0463,,"Thu, 31 Aug 2023 00:00:00 GMT",Mon Sep 12 2022,,,
0xe93ce1315a296e12e040f47c6d0bf3496253d10a,363.0722279,0.0462,,"Thu, 07 Sep 2023 00:00:00 GMT",Tue Sep 06 2022,,,
0x071f53a0e2549566a088680b1ff927ce36120db6,362.5175068,0.0462,,"Thu, 12 Oct 2023 00:00:00 GMT",Tue Oct 25 2022,,,
0x772c1f2ca95fd4e317cd602e712e30178c059c70,354.5673876,0.0452,,"Thu, 12 Oct 2023 00:00:00 GMT",Sat Oct 15 2022,,,
0x798053c2314e944cf3595c8175116d406a5ce717,353.9090849,0.0451,,"Thu, 14 Sep 2023 00:00:00 GMT",Tue Sep 27 2022,,,
0x11ce0360917320c6eb9305fbb77447a031ffb050,350.1851558,0.0446,,"Thu, 31 Aug 2023 00:00:00 GMT",Wed Aug 31 2022,,,
0xbb710dcbb13ae7b8faee2b6d3fac5ba81920d8fb,341.7569501,0.0435,,"Thu, 17 Aug 2023 00:00:00 GMT",Tue Sep 06 2022,,,
0x69397a82277f241aa877a7d27211972be9ebbe11,338.1565863,0.0431,,"Thu, 31 Aug 2023 00:00:00 GMT",Thu Sep 01 2022,,,
0x0e1f017b36066851b40ecf35c3c69bf481c24430,328.76012,0.0419,,"Thu, 07 Sep 2023 00:00:00 GMT",Sat Sep 10 2022,,,
0x0a4cecbf05d06c837ffd79bedc5c03856d0297a2,321.129044,0.0409,,"Thu, 17 Aug 2023 00:00:00 GMT",Wed Sep 14 2022,,,
0xa2555b4aff00b915265b965704819d0ca661fb0b,314.7029859,0.0401,,"Thu, 07 Sep 2023 00:00:00 GMT",Wed Sep 07 2022,,,
0x1c157bd0ce3f4a2ee06b60891e5389b85a55c55e,307.3000171,0.0391,,"Thu, 05 Oct 2023 00:00:00 GMT",Sat Oct 15 2022,,,
0x5da44a9ceb43aacbc8ccda176d303b7f75d27c8f,297.9998283,0.0379,,"Thu, 17 Aug 2023 00:00:00 GMT",Fri Aug 26 2022,,,
0xb85f4dde17a8a06102dcfdeb68f2b48cf8a09024,292.391751,0.0372,,"Thu, 26 Oct 2023 00:00:00 GMT",Sat Oct 29 2022,,,
0xcd51bb6e21a22a612abf793a59b6cd2e0a8b10d1,280.0777178,0.0357,,"Thu, 14 Sep 2023 00:00:00 GMT",Fri Oct 14 2022,,,
0xaaed7ef3807e3f38756ca52068371071b0f471b1,279.6466775,0.0356,,"Thu, 19 Oct 2023 00:00:00 GMT",Wed Oct 26 2022,,,
0xbd9e601ab0462e8ac4977790e4142fa3275f8e2a,274.9000447,0.035,,"Thu, 17 Aug 2023 00:00:00 GMT",Thu Aug 25 2022,,,
0x453a2a8a74d2fb27049f31d987c28439a227a56b,266.2440244,0.0339,,"Thu, 19 Oct 2023 00:00:00 GMT",Mon Oct 31 2022,,,
0x60c20a6614abb57f7a304c382bbc5a1067a98d61,265.2110768,0.0338,,"Thu, 26 Oct 2023 00:00:00 GMT",Wed Oct 26 2022,,,
0x34237a7d7217fd7953d3809a6d82940088316fe9,259.9838133,0.0331,,"Thu, 12 Oct 2023 00:00:00 GMT",Mon Oct 17 2022,,,
0xaba9346c7c0fc7d7c0bc24b714bd8e4e3ee878f3,252.085005,0.0321,,"Thu, 12 Oct 2023 00:00:00 GMT",Sun Oct 30 2022,,,
0x7a96a49418a101f63731ae1af8e1995be7b13f38,235.6612027,0.03,,"Thu, 12 Oct 2023 00:00:00 GMT",Wed Oct 12 2022,,,
0x3e2722f71684ebd1f585981fc722da6350d349ef,235.4422754,0.03,,"Thu, 21 Sep 2023 00:00:00 GMT",Fri Sep 23 2022,,,
0x1cf04ed2a482b7217251cd11118674665dd61bd2,234.8703325,0.0299,,"Thu, 24 Aug 2023 00:00:00 GMT",Thu Aug 25 2022,,,
0xb010aff3138862850eabecb20de7a4f49406af97,232.1793876,0.0296,,"Thu, 17 Aug 2023 00:00:00 GMT",Wed Oct 26 2022,,,
0x22cd3b52b68ded0686b99acb70bfc22f839417c4,231.9368632,0.0295,,"Thu, 21 Sep 2023 00:00:00 GMT",Fri Sep 23 2022,,,
0x7d6a2f6d7c2f7dd51c47b5ea9faa3ae208185ec7,231.8684967,0.0295,,"Thu, 17 Aug 2023 00:00:00 GMT",Wed Aug 17 2022,,,
0xcea078580e49a9818d18281f7bd80780890bab12,230.1387511,0.0293,,"Thu, 19 Oct 2023 00:00:00 GMT",Wed Oct 19 2022,,,
0x6cdce269a08ae6defb78bb7a42c818118882ab22,222.9770789,0.0284,,"Thu, 31 Aug 2023 00:00:00 GMT",Thu Sep 01 2022,,,
0x6a074a51afb657c02146b0d0b4b22f4e34424849,222.6006018,0.0283,,"Thu, 05 Oct 2023 00:00:00 GMT",Tue Oct 11 2022,,,
0x6d8a9f1cfba155186ef8ca10a2c66879655759cd,220.7414352,0.0281,,"Thu, 05 Oct 2023 00:00:00 GMT",Sat Oct 15 2022,,,
0x74d6400f9480df5e5ffc76283147836bce8d3c95,220.5255288,0.0281,,"Thu, 26 Oct 2023 00:00:00 GMT",Sat Oct 29 2022,,,
0x08535bbdd792254c23d6fbe21c25252461e740b8,218.6880248,0.0278,,"Thu, 31 Aug 2023 00:00:00 GMT",Sat Sep 03 2022,,,
0x4ec2dcdfb3c165da62dd1367cb42fe7551524984,212.8290455,0.0271,,"Thu, 17 Aug 2023 00:00:00 GMT",Thu Aug 18 2022,,,
0x208ba950ceae456d5b7a5aaf4d1298a8603910a1,212.4341378,0.0271,,"Thu, 17 Aug 2023 00:00:00 GMT",Wed Aug 31 2022,,,
0x61d2b8f4388d4778abc40e05e6b1e3ec525ce1ba,200.2188029,0.0255,,"Thu, 17 Aug 2023 00:00:00 GMT",Thu Sep 08 2022,,,
0xafc44e82c1a77859503913835969560cb772051a,196.917283,0.0251,,"Thu, 17 Aug 2023 00:00:00 GMT",Thu Oct 20 2022,,,
0xc19b22945fb4cee4ffa784ac0187b4a5c91d2b38,195.8490707,0.0249,,"Thu, 21 Sep 2023 00:00:00 GMT",Fri Oct 07 2022,,,
0xf9d260696a365c93b02c20f50087fa751097f17b,194.5698506,0.0248,,"Thu, 31 Aug 2023 00:00:00 GMT",Mon Sep 05 2022,,,
0xac703cdbe2c7e1f72dfc45471bbbf3704847430e,193.2770925,0.0246,,"Thu, 17 Aug 2023 00:00:00 GMT",Thu Sep 08 2022,,,
0x45e4352a2f41b7c1ae768f4aa4075b3299843b42,186.8538724,0.0238,,"Thu, 20 Jul 2023 00:00:00 GMT",Tue Aug 30 2022,,,
0xd51eb64efcefc47c9e50bcafe0cc40b356ad99ae,184.4397406,0.0235,,"Thu, 17 Aug 2023 00:00:00 GMT",Mon Aug 22 2022,,,
0xd89bcf9a80cf367174a83f33aa894e002cc63278,177.8556764,0.0226,,"Thu, 26 Oct 2023 00:00:00 GMT",Fri Oct 28 2022,,,
0x253c26f7ee617e132a87a3860869ab5eeedccb8c,174.4892902,0.0222,,"Thu, 23 Feb 2023 00:00:00 GMT",Tue Oct 25 2022,,,
0xeb1a5a37369b499123962520bc08ddddfe064bc0,173.7905894,0.0221,,"Thu, 12 Oct 2023 00:00:00 GMT",Tue Oct 18 2022,,,
0x4abb06d9e06f21401db9738015a68072380cdbc9,171.8590561,0.0219,,"Thu, 17 Aug 2023 00:00:00 GMT",Thu Oct 13 2022,,,
0x6992bd823bb63e189a827566c648ece23adc6de9,170.117746,0.0217,,"Thu, 31 Aug 2023 00:00:00 GMT",Wed Aug 31 2022,,,
0x8809d43470541aeb1a201bc2ed05a390adb2f080,168.8555809,0.0215,,"Thu, 26 Oct 2023 00:00:00 GMT",Mon Oct 31 2022,,,
0xbc77450de7f593f2fabe1cab9c38d36b66056707,166.734533,0.0212,,"Thu, 17 Aug 2023 00:00:00 GMT",Thu Oct 13 2022,,,
0xc844e702f33f82bae0a5c70d6942ffd067c4d3cc,165.8529183,0.0211,,"Thu, 24 Aug 2023 00:00:00 GMT",Thu Sep 22 2022,,,
0x98c02c575e6195969232d47c8f65d1caabe1a20d,165.1461334,0.021,,"Thu, 30 Mar 2023 00:00:00 GMT",Wed Oct 26 2022,,,
0x7669109d3126928f4ec9c96d7246d6cafa7b8f50,165.0413291,0.021,,"Thu, 31 Aug 2023 00:00:00 GMT",Sat Sep 24 2022,,,
0x46991452a164653accb4ede338550bda08c9d477,160.6748121,0.0205,,"Thu, 31 Aug 2023 00:00:00 GMT",Fri Sep 23 2022,,,
0x77a462b1c8204bad01083fffd35a048ebb72038f,159.9725062,0.0204,,"Thu, 07 Sep 2023 00:00:00 GMT",Sun Sep 25 2022,,,
0xebca142fb749e6c40a01cd1c603c5ed5af59e198,159.8513273,0.0204,,"Thu, 31 Aug 2023 00:00:00 GMT",Sun Sep 04 2022,,,
0x55c87e6d8369441d630021bdf39da1feb62a4607,158.9592041,0.0202,,"Thu, 17 Aug 2023 00:00:00 GMT",Sat Aug 20 2022,,,
0xb125834c370215be4f42faceda15407910b0a4d3,151.457452,0.0193,,"Thu, 05 Oct 2023 00:00:00 GMT",Fri Oct 07 2022,,,
0x2ea53c5cc6e2653aed36f2f34469835725014a97,147.8237953,0.0188,,"Thu, 12 Oct 2023 00:00:00 GMT",Wed Oct 12 2022,,,
0xcf4f74ff439c5ea64ddc91086cc4ed8f51ac712b,145.3213991,0.0185,,"Thu, 21 Sep 2023 00:00:00 GMT",Thu Sep 22 2022,,,
0x72819a2e62a58d2c56fef746575526523c1b06be,143.8472656,0.0183,,"Thu, 12 Oct 2023 00:00:00 GMT",Fri Oct 14 2022,,,
0xd4e552eb8302a877390e54fc3ce9a268b3df91a1,138.6659957,0.0177,,"Thu, 31 Aug 2023 00:00:00 GMT",Sun Sep 04 2022,,,
0xebe3e42e2add2a7d4d5fb2b35793abf389393855,138.4606442,0.0176,,"Thu, 31 Aug 2023 00:00:00 GMT",Mon Sep 05 2022,,,
0x28e690b76a30ff912af2c5bbe90390f6bcb4d4dc,137.0075096,0.0174,,"Thu, 21 Sep 2023 00:00:00 GMT",Thu Oct 20 2022,,,
0xeb18d61588cee42aa80268d75d3559fcbf62da10,133.4002919,0.017,,"Thu, 17 Aug 2023 00:00:00 GMT",Thu Sep 01 2022,,,
0x1b9c8a9e5c7fd7ee4c4646af24ac40c31ad28fc0,132.933239,0.0169,,"Thu, 31 Aug 2023 00:00:00 GMT",Wed Sep 07 2022,,,
0xf37d15412e97721fd6756581a4d56eb1bce41df2,130.4690615,0.0166,,"Thu, 14 Sep 2023 00:00:00 GMT",Wed Oct 05 2022,,,
0xce53076a174312c06dafa8ddccd826ff2e76500c,130.1095498,0.0166,,"Thu, 19 Oct 2023 00:00:00 GMT",Thu Oct 20 2022,,,
0x3fc658680cea3e0291e67b99cc626189e8c464fb,129.6012948,0.0165,,"Thu, 21 Sep 2023 00:00:00 GMT",Thu Sep 22 2022,,,
0x7fd35f5671cbb5ab2b8e1b17ca6927bca2989dd4,129.4906801,0.0165,,"Thu, 14 Sep 2023 00:00:00 GMT",Sat Sep 17 2022,,,
0x52d48c66695512811c45e8eff30a513307acf69c,126.278519,0.0161,,"Thu, 17 Aug 2023 00:00:00 GMT",Wed Aug 31 2022,,,
0x0f8d94cea1eba9c582bbe800545ca91dfc39da18,120.8197175,0.0154,,"Thu, 17 Aug 2023 00:00:00 GMT",Sun Oct 02 2022,,,
0xc26bc1458f8fa6612fe89c2be9e44ad50b37812c,119.5492033,0.0152,,"Thu, 07 Sep 2023 00:00:00 GMT",Thu Sep 22 2022,,,
0xd39ad1c2f98294780a80f7fbe4bbb1e6cafa9d08,119.4167022,0.0152,,"Thu, 17 Aug 2023 00:00:00 GMT",Thu Sep 15 2022,,,
0xe08048160d2a26d85b335e5951c818642959fa77,116.0827079,0.0148,,"Thu, 24 Aug 2023 00:00:00 GMT",Wed Aug 31 2022,,,
0x57008097161cf8da341a8e41f9422e6be7fc7709,115.2997887,0.0147,,"Thu, 12 Oct 2023 00:00:00 GMT",Thu Oct 13 2022,,,
0x4dc8f53f70eadec2d1866566da06e3e994f13df5,109.9517181,0.014,,"Thu, 10 Aug 2023 00:00:00 GMT",Wed Sep 21 2022,,,
0x63284c54a82ca1785a0a03fa8402efd735edb333,108.9225754,0.0139,,"Thu, 31 Aug 2023 00:00:00 GMT",Thu Sep 08 2022,,,
0x08a380086f192d11f62d0be51e6e8a1bf2ca84a6,106.8802253,0.0136,,"Thu, 10 Aug 2023 00:00:00 GMT",Thu Sep 08 2022,,,
0xfc77577d39bac91d57956338e1ba594fee603dfa,104.5374987,0.0133,,"Thu, 24 Aug 2023 00:00:00 GMT",Sun Aug 28 2022,,,
0xb6f5fb0aee8bff9fc3d57d2158c5fe4473f2d206,104.3493088,0.0133,,"Thu, 09 Feb 2023 00:00:00 GMT",Fri Sep 09 2022,,,
0xb112a8df7431a3826975f13a80b15327aca09b8d,103.626029,0.0132,,"Thu, 31 Aug 2023 00:00:00 GMT",Wed Oct 12 2022,,,
0x4579b9605cb0d84e2c0f829376e685383e869a88,100.5194565,0.0128,,"Thu, 17 Aug 2023 00:00:00 GMT",Sun Aug 21 2022,,,
0x12ee8f03fe941ed7cf3a4a3155cbcc970c3ead96,98.02567328,0.0125,,"Thu, 28 Sep 2023 00:00:00 GMT",Sun Oct 23 2022,,,
0x2f0b44f9caf79bfed5e97ba0470cc07565ba9d82,97.73171207,0.0124,,"Thu, 17 Aug 2023 00:00:00 GMT",Fri Aug 19 2022,,,
0x33e74a64d404fb8a8ad7dad39e138937dddb269c,96.97024299,0.0123,,"Thu, 12 Oct 2023 00:00:00 GMT",Wed Oct 12 2022,,,
0x04403d0a919ef68e5edbe4de46f9e89110fe60ad,95.23929404,0.0121,,"Thu, 17 Aug 2023 00:00:00 GMT",Sun Aug 21 2022,,,
0x8cb6a4adf31de6f661166909761d12e55de22bcb,95.00223774,0.0121,,"Thu, 05 Oct 2023 00:00:00 GMT",Fri Oct 07 2022,,,
0x90010c53c59f04060fc5969af2432589cbb8aab1,94.69019273,0.0121,,"Thu, 29 Jun 2023 00:00:00 GMT",Thu Sep 01 2022,,,
0x8ca3475aa16803fdf9ad4dd2fcea3415f65373d3,91.33188617,0.0116,,"Thu, 21 Sep 2023 00:00:00 GMT",Mon Sep 26 2022,,,
0x00f98baf21eed79164d1cf99eae6b4439b96dd46,89.77801113,0.0114,,"Thu, 21 Sep 2023 00:00:00 GMT",Sat Sep 24 2022,,,
0x02968341f7a519a446afbdaf4bd439e5f27b612a,88.17779657,0.0112,,"Thu, 31 Aug 2023 00:00:00 GMT",Wed Nov 02 2022,,,
0xf71a892c9af8e4bf483abb43374a45c63447da77,87.53441642,0.0111,,"Thu, 21 Sep 2023 00:00:00 GMT",Sun Oct 16 2022,,,
0x2e818545b078bcb5e08feba5d791042bb1ee1579,85.68986309,0.0109,,"Thu, 31 Aug 2023 00:00:00 GMT",Wed Sep 07 2022,,,
0x94f8499d9f0aa65b41cf2f8ed09a2260530ed269,85.41010637,0.0109,,"Thu, 21 Sep 2023 00:00:00 GMT",Sat Sep 24 2022,,,
0xc858dd4f2a80a859d491a16beee6708a6743bfb7,85.31944293,0.0109,,"Thu, 21 Sep 2023 00:00:00 GMT",Mon Sep 26 2022,,,
0x7b3fc8884f69a30bea47013961e06c54fc003ad3,84.30648176,0.0107,,"Thu, 31 Aug 2023 00:00:00 GMT",Thu Oct 27 2022,,,
0x0dea5aaa06aa6eece70b67b66605e1a336504ec0,82.93526422,0.0106,,"Thu, 21 Sep 2023 00:00:00 GMT",Thu Sep 22 2022,,,
0xd28286be177b23a56c17e07dd286586128ea2f7e,82.74614918,0.0105,,"Thu, 24 Aug 2023 00:00:00 GMT",Sun Aug 28 2022,,,
0xbbf006da65607600c60ee3a2d0ca44c75c351877,81.85700357,0.0104,,"Thu, 31 Aug 2023 00:00:00 GMT",Thu Sep 15 2022,,,
0x8a526ff80c06e84652de34b9eb92a1ff78c61ea3,81.8456484,0.0104,,"Thu, 17 Aug 2023 00:00:00 GMT",Sun Aug 21 2022,,,
0x06e9a5e6ba50a2e20aadaf86c984df62f4873d6f,81.43517969,0.0104,,"Thu, 17 Aug 2023 00:00:00 GMT",Thu Sep 29 2022,,,
0x97988d23302452730e7951aabf1a573ec88070ec,81.116651,0.0103,,"Thu, 21 Sep 2023 00:00:00 GMT",Wed Sep 28 2022,,,
0xab68730e81756f066ba6152c80b49ce62724f50b,79.98632514,0.0102,,"Thu, 31 Aug 2023 00:00:00 GMT",Wed Aug 31 2022,,,
0x89a6cd7741bafebb4f03471d949b70cd5e439c99,78.91998849,0.01,,"Thu, 05 Oct 2023 00:00:00 GMT",Fri Oct 07 2022,,,
0x839375339b030c4a8a2f8bcedd85c308d898307a,78.82053328,0.01,,"Thu, 17 Aug 2023 00:00:00 GMT",Mon Aug 22 2022,,,
0x8d5aa0bcf33d2269ec300fd7b1285032197f2c98,78.64697246,0.01,,"Thu, 14 Sep 2023 00:00:00 GMT",Wed Sep 14 2022,,,
0xc92fc09658fb97ccf59ffd34d404766c3713c828,75.45415059,0.0096,,"Thu, 17 Aug 2023 00:00:00 GMT",Mon Aug 22 2022,,,
0x669d8f0878bd1e93c19af32357e69cae4f227f2b,71.26971957,0.0091,,"Thu, 07 Sep 2023 00:00:00 GMT",Fri Oct 14 2022,,,
0xa56847786f981a23d1b3d8b193eff2afba4c1d3a,71.26595316,0.0091,,"Thu, 24 Aug 2023 00:00:00 GMT",Thu Sep 15 2022,,,
0x32fb7c36d429f9c4e37a6acde4499ccadabb84f2,70.79708601,0.009,,"Thu, 14 Sep 2023 00:00:00 GMT",Sat Sep 17 2022,,,
0xc66efb4b2f4428e9d16f722b5c29c4cbebdee9fa,70.05082725,0.0089,,"Thu, 22 Dec 2022 00:00:00 GMT",Sun Oct 16 2022,,,
0x75c1d99b8c39dd31b6815a6269dc7b16d43a11c1,68.95087119,0.0088,,"Thu, 07 Sep 2023 00:00:00 GMT",Thu Sep 08 2022,,,
0x6a4c5f9fc313716dae3ae69f10054dfc803fb781,67.92804154,0.0087,,"Thu, 14 Sep 2023 00:00:00 GMT",Wed Sep 21 2022,,,
0xe67f88dc8ec4f1010fb089430293d693b3b7b6ea,66.7300185,0.0085,,"Thu, 10 Aug 2023 00:00:00 GMT",Fri Aug 26 2022,,,
0x6a6575d84d60ec2b41055816e03b45f5a0098ee9,65.92831847,0.0084,,"Thu, 17 Aug 2023 00:00:00 GMT",Tue Aug 23 2022,,,
0x10f2bab6d1634673c7037b853cdc4e1fbd477d8d,65.85286178,0.0084,,"Thu, 21 Sep 2023 00:00:00 GMT",Mon Sep 26 2022,,,
0x7829bbfbc9e16f073b7c8eee120a2db41a0751e7,65.19708013,0.0083,,"Thu, 21 Sep 2023 00:00:00 GMT",Mon Sep 26 2022,,,
0xe41415c2ad9cdea1b284e81ee3e79af9f3765169,64.36871556,0.0082,,"Thu, 31 Aug 2023 00:00:00 GMT",Thu Sep 08 2022,,,
0x09530e14a5658bcee95b2120c271004b482e5833,63.66921314,0.0081,,"Thu, 14 Sep 2023 00:00:00 GMT",Wed Sep 28 2022,,,
0x6db521efdbe36389a44b576db4747a2fe1e88646,63.31829307,0.0081,,"Thu, 10 Nov 2022 00:00:00 GMT",Tue Aug 16 2022,,,
0xd860bee6c3a6e8bba5e6e4eefd5499a1a018eee7,60.01984619,0.0076,,"Thu, 17 Aug 2023 00:00:00 GMT",Thu Oct 06 2022,,,
0x1cce12e31cb4d0b32d4ea00ca511991c84f87c81,59.57730253,0.0076,,"Thu, 14 Sep 2023 00:00:00 GMT",Sat Oct 08 2022,,,
0xe58000ce4dd92a478959a24392d43d4c100c85fd,58.55608806,0.0075,,"Thu, 31 Aug 2023 00:00:00 GMT",Thu Sep 01 2022,,,
0x30a6fddac82ee8f996572bfa9219b46e560fb61f,58.32387708,0.0074,,"Thu, 28 Sep 2023 00:00:00 GMT",Thu Sep 29 2022,,,
0x450d917214101a4e3f5af7ac0eb1425afa20791a,57.9713783,0.0074,,"Thu, 17 Aug 2023 00:00:00 GMT",Sat Sep 10 2022,,,
0xaec539a116fa75e8bdcf016d3c146a25bc1af93b,57.48518816,0.0073,,"Thu, 31 Aug 2023 00:00:00 GMT",Fri Sep 02 2022,,,
0x7a167ee9162df7ad4e1755383d4e7679ba8fa89a,57.07155903,0.0073,,"Thu, 14 Sep 2023 00:00:00 GMT",Fri Sep 16 2022,,,
0x9d94b60f5da3bfc9510a9702037bceec0ca02403,55.70699324,0.0071,,"Thu, 17 Aug 2023 00:00:00 GMT",Thu Aug 18 2022,,,
0xbcb1af485f5d9c5f650de240dc07fdeed35d7ace,55.17498796,0.007,,"Thu, 17 Aug 2023 00:00:00 GMT",Fri Aug 19 2022,,,
0x5f0ff52df8df2c5351c47b6711c33f36c5402909,54.85537706,0.007,,"Thu, 17 Aug 2023 00:00:00 GMT",Fri Oct 28 2022,,,
0xba1c6c06d1517b85f5ec5386a253352b417c8fa3,54.74156653,0.007,,"Thu, 26 Oct 2023 00:00:00 GMT",Thu Oct 27 2022,,,
0xd654dfe28b8b4f6f956040262fbc7b97ce80c419,54.28440465,0.0069,,"Thu, 17 Aug 2023 00:00:00 GMT",Thu Aug 18 2022,,,
0x355ebecaa9637140cbd0559ac5f522ff5ac77f9d,54.17744029,0.0069,,"Thu, 17 Aug 2023 00:00:00 GMT",Thu Sep 22 2022,,,
0xd7a9c1dbde7f413cd9bb648a0d0994a203450cce,53.60151328,0.0068,,"Thu, 17 Aug 2023 00:00:00 GMT",Wed Aug 31 2022,,,
0x9b4a54f384141265360bd93e4058f7ffca6b4aea,53.48815833,0.0068,,"Thu, 21 Sep 2023 00:00:00 GMT",Mon Sep 26 2022,,,
0xb2f9ee7d76740fb4dc7de7a69beffa8e1fff25dd,53.20160643,0.0068,,"Thu, 17 Aug 2023 00:00:00 GMT",Fri Sep 23 2022,,,
0xa42cdb9e4b242a3a1417f64dd376d81d75098aaa,52.3123891,0.0067,,"Thu, 17 Aug 2023 00:00:00 GMT",Thu Aug 18 2022,,,
0x08ab1408ed6ccbf07b2f27c88c51a75b30665cbc,52.28162714,0.0067,,"Thu, 17 Aug 2023 00:00:00 GMT",Fri Sep 02 2022,,,
0x9e54d4b157c5ccd12b444be5e1e59386a79710e2,51.56930424,0.0066,,"Thu, 31 Aug 2023 00:00:00 GMT",Thu Sep 01 2022,,,
0xc341e0fd548298de89b38fe31f2ac63457105451,51.32366642,0.0065,,"Thu, 14 Sep 2023 00:00:00 GMT",Wed Oct 05 2022,,,
0xb121888b98e201e508bf2e0c7db965bd228797d2,50.26618705,0.0064,,"Thu, 31 Aug 2023 00:00:00 GMT",Fri Sep 02 2022,,,
0xfe221946628d02719d28667460c50d074a974227,48.79848825,0.0062,,"Thu, 17 Aug 2023 00:00:00 GMT",Tue Aug 16 2022,,,
0x8cc6cc66ab36cb77d0cb75d1951b1fda5c0b6940,48.52171419,0.0062,,"Thu, 24 Nov 2022 00:00:00 GMT",Mon Sep 12 2022,,,
0xe3849522e67102a52c03d49db7a73cc61245bd44,46.77915397,0.006,,"Thu, 17 Aug 2023 00:00:00 GMT",Thu Sep 01 2022,,,
0xc9043e76dd81194f663abe55d2762e363ff4ccc1,46.53266381,0.0059,,"Thu, 07 Sep 2023 00:00:00 GMT",Wed Sep 07 2022,,,
0x7afd1856184d86f01f2efb2dc199f5a5802a328b,46.39918492,0.0059,,"Thu, 07 Sep 2023 00:00:00 GMT",Sun Sep 11 2022,,,
0x0075e788eb9cd476c2f2c13c0c7ef6e52da8fcbf,44.7747727,0.0057,,"Thu, 17 Aug 2023 00:00:00 GMT",Sun Sep 04 2022,,,
0x9296ff140e643316f7c016d68659dccc47fedffc,44.62568515,0.0057,,"Thu, 05 Oct 2023 00:00:00 GMT",Tue Oct 18 2022,,,
0x8f25818ff64be1abee91abca70c306b33b602062,42.77057288,0.0054,,"Thu, 07 Sep 2023 00:00:00 GMT",Wed Sep 07 2022,,,
0xc1710b9b466954b8708a3d3f32214c951f98431b,42.55854986,0.0054,,"Thu, 17 Aug 2023 00:00:00 GMT",Tue Aug 30 2022,,,
0x98a104e9d1259f23d2a0ab6bce1e5635b9d7e72e,42.42489461,0.0054,,"Thu, 17 Aug 2023 00:00:00 GMT",Tue Aug 23 2022,,,
0x0340ead03ae07ab1c50731af5a4279ccf266e91d,41.54649519,0.0053,,"Thu, 20 Jul 2023 00:00:00 GMT",Wed Aug 24 2022,,,
0x5b73422bf63ba9456cf6f0d9f0878caa759a729e,41.21004368,0.0052,,"Thu, 14 Sep 2023 00:00:00 GMT",Thu Sep 22 2022,,,
0x1152cdc10cd9aa0750f15e2630e777252e07e34e,39.92919421,0.0051,,"Thu, 17 Aug 2023 00:00:00 GMT",Tue Aug 30 2022,,,
0xac1ab8cfd1b6eea796e8c2f2cadd57be13817f56,38.49642909,0.0049,,"Thu, 12 Oct 2023 00:00:00 GMT",Thu Oct 13 2022,,,
0x79e9d3ac1c847a6e3601161a27ea3d9f16231ae8,38.40452245,0.0049,,"Thu, 12 Oct 2023 00:00:00 GMT",Wed Oct 12 2022,,,
0x405b36c8f1faa622111b58ee27622dcc5ad42b63,38.03287407,0.0048,,"Thu, 31 Aug 2023 00:00:00 GMT",Wed Aug 31 2022,,,
0x3c6d4ff09fac50ca6ec6802d4a04d884ced969ec,37.94927292,0.0048,,"Thu, 30 Mar 2023 00:00:00 GMT",Tue Nov 01 2022,,,
0xa376012f41e6b4d954cc0e9564ff43efa6585424,37.18050498,0.0047,,"Thu, 17 Aug 2023 00:00:00 GMT",Fri Aug 19 2022,,,
0x8daacd4e46a914b032b50e28e504d441ec6218be,36.99444004,0.0047,,"Thu, 10 Aug 2023 00:00:00 GMT",Tue Aug 23 2022,,,
0x238643d4106c7c6206f8dc31acb59cd24c979d12,35.91419827,0.0046,,"Thu, 24 Aug 2023 00:00:00 GMT",Mon Oct 24 2022,,,
0xce57b0293badd862e2d83e737cd4c4bb6bc586a8,35.42172515,0.0045,,"Thu, 18 May 2023 00:00:00 GMT",Thu Aug 25 2022,,,
0x03b8af1f1804e44971b3791f756f38c41748bfd8,34.72634238,0.0044,,"Thu, 17 Aug 2023 00:00:00 GMT",Fri Aug 26 2022,,,
0xd1c0637534d184be38d833408a1cbf69c6113c6a,34.36673081,0.0044,,"Thu, 17 Aug 2023 00:00:00 GMT",Mon Aug 29 2022,,,
0x61d2cecb107aa5abf61d0260e171c4e4512c5612,33.93368658,0.0043,,"Thu, 05 Oct 2023 00:00:00 GMT",Wed Oct 05 2022,,,
0xf1be320ddeddb0024c3cb9ef7808a68a62536402,33.53307259,0.0043,,"Thu, 12 Jan 2023 00:00:00 GMT",Sun Oct 30 2022,,,
0xacae03cdbc0af96a43f97dfd40e5eaeb0ebf2e2f,32.95985211,0.0042,,"Thu, 09 Mar 2023 00:00:00 GMT",Thu Sep 01 2022,,,
0xe221d5371ef7334a76aac4f70b94dd80d1c18a00,31.87989056,0.0041,,"Thu, 20 Apr 2023 00:00:00 GMT",Sat Aug 20 2022,,,
0xf07add5ce0f6ac0db4105b34f74b899fead6274c,31.82266124,0.0041,,"Thu, 31 Aug 2023 00:00:00 GMT",Sun Oct 30 2022,,,
0xd9fd4e3c12e1fa343adc3561088412d07279982a,31.70052512,0.004,,"Thu, 31 Aug 2023 00:00:00 GMT",Wed Sep 07 2022,,,
0x563178f7e9658b9ba5e9b44686f22534e7c5134a,31.45547311,0.004,,"Thu, 17 Aug 2023 00:00:00 GMT",Sat Aug 20 2022,,,
0x139f1b1c52ae328d9319a11eeab6d0e87d9d0e03,31.41841208,0.004,,"Thu, 25 May 2023 00:00:00 GMT",Thu Sep 08 2022,,,
0x2e9190b2c2b8f8f0fa99da93c408b2c92c92a233,30.27129004,0.0039,,"Thu, 15 Dec 2022 00:00:00 GMT",Mon Sep 12 2022,,,
0x5702173ef37c599bf52323a97418d4fb9e1fcf41,30.01414296,0.0038,,"Thu, 14 Sep 2023 00:00:00 GMT",Sat Sep 17 2022,,,
0x197f4c3cc2c89a0f4c4e2443c453f29ecdf67d4b,29.37789559,0.0037,,"Thu, 17 Aug 2023 00:00:00 GMT",Sat Aug 20 2022,,,
0x41623231b4552134622e9c7d3d7da5f443c7df50,29.20086236,0.0037,,"Thu, 17 Aug 2023 00:00:00 GMT",Fri Aug 19 2022,,,
0x98fb5b87f14529d82f0b91663a2d08ec88f28812,28.95849049,0.0037,,"Thu, 21 Sep 2023 00:00:00 GMT",Wed Oct 05 2022,,,
0x07fcb3fad1da2333fafc3a42863c53d76903dae6,28.16680826,0.0036,,"Thu, 29 Dec 2022 00:00:00 GMT",Thu Sep 01 2022,,,
0xc6c3c471e64fec8684988d04dead9a4e1f98587d,27.44075073,0.0035,,"Thu, 28 Sep 2023 00:00:00 GMT",Mon Oct 03 2022,,,
0xd5c412e2b224c356f077980036f5cf6330a2da5d,27.06631816,0.0034,,"Thu, 31 Aug 2023 00:00:00 GMT",Sun Sep 04 2022,,,
0x179c4ef17188fe081b977b5e522bcd2071551b52,26.473188,0.0034,,"Thu, 17 Aug 2023 00:00:00 GMT",Thu Aug 18 2022,,,
0x341fe65a998ece518e78c76fafa1657983d4ff7a,26.27670238,0.0033,,"Thu, 27 Jul 2023 00:00:00 GMT",Sun Aug 21 2022,,,
0xd264bc31a13d962c22967f02e44dadd8bbf25232,26.09456873,0.0033,,"Thu, 17 Aug 2023 00:00:00 GMT",Sun Aug 21 2022,,,
0x64431762fa2b5b7e9f9c4daa5b18d1a8a25f89dc,25.92467948,0.0033,,"Thu, 17 Aug 2023 00:00:00 GMT",Thu Aug 18 2022,,,
0xc4022f2bad4527ec76bd2418b83116c3d0f9bef4,25.89865784,0.0033,,"Thu, 07 Sep 2023 00:00:00 GMT",Fri Sep 16 2022,,,
0x9e15aa687d26f960d4eb20f8e4fb5697c9567143,25.89658045,0.0033,,"Thu, 17 Aug 2023 00:00:00 GMT",Mon Aug 22 2022,,,
0x099a69c017761247ab3199a3bd0fb0d13fa256fa,25.56874961,0.0033,,"Thu, 28 Sep 2023 00:00:00 GMT",Thu Sep 29 2022,,,
0x4d60d71f411ab671f614ed0ec5b71beedb46287d,25.16601861,0.0032,,"Thu, 05 Oct 2023 00:00:00 GMT",Thu Oct 06 2022,,,
0x6be612332c781f991af4f6c620a1b5c3af11acbe,23.91123717,0.003,,"Thu, 25 May 2023 00:00:00 GMT",Tue Sep 06 2022,,,
0x3e7b530753ed471e4433f0cf9d149fc858e8134d,22.31024685,0.0028,,"Thu, 24 Aug 2023 00:00:00 GMT",Mon Aug 29 2022,,,
0x95c8b90b57ba7c9555e1ea66e589a7bec104c7bb,22.206684,0.0028,,"Thu, 17 Aug 2023 00:00:00 GMT",Sat Aug 20 2022,,,
0x839ab9ddbb67c35eba80d2077a612dfa62e6e5e8,21.92739987,0.0028,,"Thu, 07 Sep 2023 00:00:00 GMT",Thu Sep 22 2022,,,
0x8fda1ead2709923c058217b441ef5a5bf09f4022,21.49655746,0.0027,,"Thu, 17 Aug 2023 00:00:00 GMT",Mon Aug 22 2022,,,
0x86b0c97e8b7385eacf08d3505f363d12b7c45f2c,21.20324332,0.0027,,"Thu, 09 Feb 2023 00:00:00 GMT",Sat Sep 24 2022,,,
0x8eb354f1cbb0ab7ef0d038883b4c1065e008453f,21.16016077,0.0027,,"Thu, 17 Aug 2023 00:00:00 GMT",Wed Aug 17 2022,,,
0xd205b11e2eb2005752df5d85253265c998e524ee,21.13872477,0.0027,,"Thu, 02 Nov 2023 00:00:00 GMT",Wed Nov 02 2022,,,
0x487175f921a713d8e67a95bcdd75139c35a7d838,21.04871651,0.0027,,"Thu, 17 Aug 2023 00:00:00 GMT",Tue Aug 23 2022,,,
0x73cbdf131364a3b8dc6110a6037aba1f868167ee,20.88647563,0.0027,,"Thu, 17 Aug 2023 00:00:00 GMT",Thu Sep 22 2022,,,
0xfc3bc5c1a6af3544b67834e13f11bd125dba03eb,20.69042759,0.0026,,"Thu, 07 Sep 2023 00:00:00 GMT",Sat Sep 10 2022,,,
0x4d039bac50d32bfd6b9e7ef44f0e459ec6f789cc,20.23032431,0.0026,,"Thu, 14 Sep 2023 00:00:00 GMT",Tue Sep 20 2022,,,
0x701533cc1ac85fa5f32ec56fe3ea442bd4977e0d,20.13912275,0.0026,,"Thu, 24 Aug 2023 00:00:00 GMT",Wed Aug 24 2022,,,
0x7779d137b441b9cd62a6c7ec8b31cc630cafa50a,19.54769072,0.0025,,"Thu, 31 Aug 2023 00:00:00 GMT",Thu Oct 27 2022,,,
0xa00d04b75cc12061019c843a763df3f60f2e5c76,19.06736847,0.0024,,"Thu, 24 Aug 2023 00:00:00 GMT",Thu Sep 15 2022,,,
0x60bbb1c69977e3648811c74b6aa3d2fd43322083,19.05083684,0.0024,,"Thu, 14 Sep 2023 00:00:00 GMT",Wed Sep 21 2022,,,
0x52caed46a473a4473527b2bcf38b04444c23bab2,19.0301878,0.0024,,"Thu, 21 Sep 2023 00:00:00 GMT",Sat Sep 24 2022,,,
0xc8e1c36e8574207a129322d24110f081347b3689,18.96586294,0.0024,,"Thu, 24 Aug 2023 00:00:00 GMT",Sat Aug 27 2022,,,
0xf32742fdea3b433fb7cbd589d7c1e9a30be3cd86,18.65018536,0.0024,,"Thu, 10 Aug 2023 00:00:00 GMT",Tue Aug 16 2022,,,
0x9fceee71bb655746180795c7a7c276118e8488c3,18.52578401,0.0024,,"Thu, 17 Aug 2023 00:00:00 GMT",Thu Sep 15 2022,,,
0x46764efbe6d466a6beb89e876fe1f0602ebbe39a,18.3126732,0.0023,,"Thu, 28 Sep 2023 00:00:00 GMT",Wed Sep 28 2022,,,
0xb96743a6cc3a948381814ff0317c47fa01454929,17.32578316,0.0022,,"Thu, 05 Oct 2023 00:00:00 GMT",Thu Oct 06 2022,,,
0x1540ce00a0f4822f06085f2c1acd6d243e010f0d,17.03426451,0.0022,,"Thu, 31 Aug 2023 00:00:00 GMT",Thu Sep 01 2022,,,
0x562ed81e568d860d2b7ce395a6ae364398e2a100,16.80198484,0.0021,,"Thu, 24 Nov 2022 00:00:00 GMT",Thu Sep 01 2022,,,
0xd29829162ee984c926f3b57ccf5089cbd2a6a9b4,16.76911258,0.0021,,"Thu, 05 Jan 2023 00:00:00 GMT",Sun Oct 16 2022,,,
0x37296a05a5d6c056cb068fbd356793702f3ced6f,16.63923196,0.0021,,"Thu, 24 Aug 2023 00:00:00 GMT",Thu Sep 01 2022,,,
0xdf90f315b659e12a79df2d2e096451c8ee010793,16.61233137,0.0021,,"Thu, 17 Aug 2023 00:00:00 GMT",Sun Sep 25 2022,,,
0x44da6d127fb9c5536c4e8f38cc9229576cf50326,16.5327762,0.0021,,"Thu, 17 Aug 2023 00:00:00 GMT",Sun Aug 21 2022,,,
0xb56aeabd6531b8dac8754ad41223768eda2a04d7,16.26775681,0.0021,,"Thu, 31 Aug 2023 00:00:00 GMT",Thu Sep 01 2022,,,
0xf3f56511de6161209ee00bf37cc5eaa9a9bd2d3e,16.12819982,0.0021,,"Thu, 05 Oct 2023 00:00:00 GMT",Thu Oct 06 2022,,,
0xad7d61179701d8b93663fb641a848588929c4e93,15.54494808,0.002,,"Thu, 24 Aug 2023 00:00:00 GMT",Thu Aug 25 2022,,,
0xd02364b9ee5f21c5cf4e346c093e8ccde32f57c0,15.44560625,0.002,,"Thu, 28 Sep 2023 00:00:00 GMT",Fri Sep 30 2022,,,
0x7676abe170a1c52e6a72c60be3d178788c4457e7,15.43113539,0.002,,"Thu, 17 Aug 2023 00:00:00 GMT",Thu Sep 01 2022,,,
0xa4e66a0c7862579e8999602e2aa607265e056344,15.35955733,0.002,,"Thu, 01 Dec 2022 00:00:00 GMT",Wed Oct 26 2022,,,
0x53121a32ca46e3ae654a60863db53a2c1f1e252e,15.32859156,0.002,,"Thu, 24 Aug 2023 00:00:00 GMT",Sat Aug 27 2022,,,
0xb997fd02cfb6356eb6fbc5f7f799800e8a8faa54,15.2808293,0.0019,,"Thu, 21 Sep 2023 00:00:00 GMT",Sat Sep 24 2022,,,
0x46ebcb14d21912c3106db2b8fe67b46c2afaf555,14.88206844,0.0019,,"Thu, 07 Sep 2023 00:00:00 GMT",Tue Sep 13 2022,,,
0x4b83579f001fc572c0738bae98559f2dd0fe25d4,14.8209263,0.0019,,"Thu, 17 Aug 2023 00:00:00 GMT",Tue Aug 23 2022,,,
0x5c506d9b07c8af312eb86b2efdacfaa68a0028d1,14.80779443,0.0019,,"Thu, 17 Aug 2023 00:00:00 GMT",Mon Aug 22 2022,,,
0x46311b532a4776a93e8c5ba069587000121ec2dc,14.2999443,0.0018,,"Thu, 01 Dec 2022 00:00:00 GMT",Wed Oct 26 2022,,,
0x66579469184d58378b4732e704b6c54439b94947,13.86808748,0.0018,,"Thu, 27 Jul 2023 00:00:00 GMT",Fri Aug 19 2022,,,
0xf1c836dd5cc554302b0f94b3b6e8eb82c14b014c,13.62161423,0.0017,,"Thu, 14 Sep 2023 00:00:00 GMT",Fri Sep 16 2022,,,
0x682802683689dab392544a1652492a1270d21b9c,13.57920041,0.0017,,"Thu, 07 Sep 2023 00:00:00 GMT",Sat Sep 10 2022,,,
0x02172442ca55e230a4e3ce1a14ae9a23cdd5a910,13.39770939,0.0017,,"Thu, 31 Aug 2023 00:00:00 GMT",Thu Sep 01 2022,,,
0xe1a35ae293839cb014e068fea968f44a9675d125,13.36396193,0.0017,,"Thu, 17 Aug 2023 00:00:00 GMT",Sat Aug 20 2022,,,
0xdc984c1484a587acd13873af6379818e91133a48,13.12661115,0.0017,,"Thu, 31 Aug 2023 00:00:00 GMT",Fri Sep 02 2022,,,
0x8df794d9dcd06a51fcdc04c988fa6a8474b2e24d,13.00728352,0.0017,,"Thu, 31 Aug 2023 00:00:00 GMT",Sun Sep 11 2022,,,
0xf34ec24c8242558d14ba8ba009114f5d8f92c48a,12.66366966,0.0016,,"Thu, 28 Sep 2023 00:00:00 GMT",Fri Sep 30 2022,,,
0x526864d9cf7d6640713a1deff87b125796e62bd8,12.61331775,0.0016,,"Thu, 31 Aug 2023 00:00:00 GMT",Thu Sep 01 2022,,,
0xf8c5be4cba98eaa3bf02e30caf8bab3aae3f6751,12.52979518,0.0016,,"Thu, 31 Aug 2023 00:00:00 GMT",Sat Sep 03 2022,,,
0x4aefac8e4404273b3286415aa943aa608059efd9,12.00141851,0.0015,,"Thu, 17 Aug 2023 00:00:00 GMT",Fri Sep 23 2022,,,
0x63150d05c0ee340c8b948a4e33d14aea717754c2,11.9128975,0.0015,,"Thu, 17 Aug 2023 00:00:00 GMT",Sun Aug 21 2022,,,
0x0b0f11fa9a96d33a0feab96fe9f0dd2d9e528649,11.42082621,0.0015,,"Thu, 07 Sep 2023 00:00:00 GMT",Sun Oct 02 2022,,,
0xa3f56e66fd79d589195d68c1aec3179c103b4842,11.41431618,0.0015,,"Thu, 30 Mar 2023 00:00:00 GMT",Thu Sep 01 2022,,,
0x36b09cd15057cdda432a9453949e9f0d21aa44a6,11.30767336,0.0014,,"Thu, 17 Aug 2023 00:00:00 GMT",Mon Aug 22 2022,,,
0x3e023b051d3b93a2d6e134ec8d490a0bb08398e5,11.1989973,0.0014,,"Thu, 29 Dec 2022 00:00:00 GMT",Sun Sep 25 2022,,,
0x0e7dc6f32630decec4f64eadef7ba63760cd0282,11.11157192,0.0014,,"Thu, 31 Aug 2023 00:00:00 GMT",Sat Sep 03 2022,,,
0xab22d95dcbb395fea3dc65673aec41a5698e74c9,11.10238377,0.0014,,"Thu, 24 Aug 2023 00:00:00 GMT",Mon Aug 29 2022,,,
0x3c44f9c61a605a32b54d7dabd7a98b5ef0d35dab,11.07909328,0.0014,,"Thu, 23 Mar 2023 00:00:00 GMT",Mon Sep 26 2022,,,
0x94e1b982b7ff8c0bd4e7b87ee55d3c2d49a59694,11.05421028,0.0014,,"Thu, 31 Aug 2023 00:00:00 GMT",Sat Sep 03 2022,,,
0x69bbbfde43c49fc50f5647223da5ef4756d78659,11.03325063,0.0014,,"Thu, 14 Sep 2023 00:00:00 GMT",Thu Sep 15 2022,,,
0xbbc0aaf3f7648a4a63d8d8960489cb491fdcb693,10.75346453,0.0014,,"Thu, 17 Aug 2023 00:00:00 GMT",Fri Aug 19 2022,,,
0xbdd8ef14cfd479fd3f0b129a8947eb7921a871aa,10.45476389,0.0013,,"Thu, 07 Sep 2023 00:00:00 GMT",Thu Sep 08 2022,,,
0xb2d25741edfe588be7179203e1d9340d2dc4831e,10.36126944,0.0013,,"Thu, 17 Aug 2023 00:00:00 GMT",Mon Aug 22 2022,,,
0x49abb27e23f9f70bea99370889c0529f1fa68c94,10.05824144,0.0013,,"Thu, 31 Aug 2023 00:00:00 GMT",Wed Aug 31 2022,,,
0x37df54b93f90158f2336652b7f46d77eaa809297,10.03196911,0.0013,,"Thu, 17 Aug 2023 00:00:00 GMT",Sun Aug 21 2022,,,
0xbe248af6fbd217b1d86dcdb100e96f67d0e80b9c,9.873431015,0.0013,,"Thu, 05 Oct 2023 00:00:00 GMT",Wed Oct 05 2022,,,
0xd4213205dd3fab675bb8b4aec2c4feb2ec37ee2d,8.946284164,0.0011,,"Thu, 17 Aug 2023 00:00:00 GMT",Mon Aug 22 2022,,,
0xbd3087f59def87ffcad5a320bb7655c1071be8ea,8.84687263,0.0011,,"Thu, 08 Dec 2022 00:00:00 GMT",Thu Sep 01 2022,,,
0x823372e8fe156603f8b5a047c0f7b33eb7a3d869,8.734367606,0.0011,,"Thu, 08 Dec 2022 00:00:00 GMT",Tue Sep 06 2022,,,
0xfebe7de5a6606f04bb65900b47ebb6dc31a202e1,8.392354329,0.0011,,"Thu, 30 Mar 2023 00:00:00 GMT",Thu Sep 01 2022,,,
0x355ba73d0b93e01cab37002f9a8849c69b4d6d84,8.33932626,0.0011,,"Thu, 17 Aug 2023 00:00:00 GMT",Tue Aug 23 2022,,,
0xd694a19978a1c55c46ee2278a812cd8d0e8afcee,8.310868942,0.0011,,"Thu, 17 Aug 2023 00:00:00 GMT",Sun Aug 21 2022,,,
0x0b6a611cbd852d25bcd02b455527cdb4bf78e6b0,8.104852675,0.001,,"Thu, 17 Aug 2023 00:00:00 GMT",Thu Aug 25 2022,,,
0x771d1a7d23d30f9030bc607a559ce3e7496d8422,8.103624884,0.001,,"Thu, 17 Aug 2023 00:00:00 GMT",Sat Aug 20 2022,,,
0xff030e63de72f20e79b9a96965e99b8aafcde01d,8.061574057,0.001,,"Thu, 30 Mar 2023 00:00:00 GMT",Mon Sep 19 2022,,,
0x75dc5767fa685f5d6babc18cb9ecfde00a55649b,7.937766805,0.001,,"Thu, 17 Aug 2023 00:00:00 GMT",Tue Aug 16 2022,,,
0x9ab35ea056ded6faf94c4a467b55a157360d2e83,7.802185059,0.001,,"Thu, 17 Aug 2023 00:00:00 GMT",Thu Sep 01 2022,,,
0x65fab2254d405cdc8ce255471074d58ce56787bb,7.76381211,0.001,,"Thu, 14 Sep 2023 00:00:00 GMT",Sat Sep 17 2022,,,
0x96229bd2d8d33b33ddde4fc9503c9ad6e8509e40,7.37205017,0.0009,,"Thu, 17 Aug 2023 00:00:00 GMT",Mon Aug 22 2022,,,
0x43d4d014356cf17cf8a038e9a96342cde9b34b5c,7.31746275,0.0009,,"Thu, 01 Dec 2022 00:00:00 GMT",Mon Oct 03 2022,,,
0x146ae202dc85ad1e5beb48ac304a0a57d27afce3,7.216047754,0.0009,,"Thu, 24 Aug 2023 00:00:00 GMT",Thu Sep 01 2022,,,
0xc1ad5567a835bf1277b4108384c0a77af886b0df,7.203453134,0.0009,,"Thu, 07 Sep 2023 00:00:00 GMT",Wed Oct 05 2022,,,
0x5bb6b21d3d994322ab12bf0b0d5b9da49fa8d181,7.017812397,0.0009,,"Thu, 17 Aug 2023 00:00:00 GMT",Sat Aug 20 2022,,,
0xb3c2b6d7bc87e948cf337b5f8f35df17a8daa2cf,6.857104828,0.0009,,"Thu, 24 Nov 2022 00:00:00 GMT",Fri Aug 19 2022,,,
0xe6755c6a868a99390200d6401b539232a9eb4db2,6.27677605,0.0008,,"Thu, 16 Feb 2023 00:00:00 GMT",Thu Oct 27 2022,,,
0xf6ce0ba796dcf621506129d20ee4ff5908bb9c0a,6.028115033,0.0008,,"Thu, 17 Aug 2023 00:00:00 GMT",Tue Aug 23 2022,,,
0x6b6aeb6a915043ee9a54f3b702b68e90ba746f18,6.015926529,0.0008,,"Thu, 17 Aug 2023 00:00:00 GMT",Fri Aug 19 2022,,,
0xd0e24e14b36f0261f4b6f1b9ae2e7995bd1d8b03,5.981875108,0.0008,,"Thu, 17 Aug 2023 00:00:00 GMT",Mon Aug 22 2022,,,
0x3f5ea41289b6fa10e5fd78ea04756a24fb24793f,5.693570829,0.0007,,"Thu, 17 Aug 2023 00:00:00 GMT",Sat Aug 20 2022,,,
0xecdfae95be6ab58d844426d8b4d3f562d3fb99d9,5.558962472,0.0007,,"Thu, 17 Aug 2023 00:00:00 GMT",Thu Aug 18 2022,,,
0xabe69aa27bffbdbf006d3918b68430c78895be53,5.518379549,0.0007,,"Thu, 31 Aug 2023 00:00:00 GMT",Thu Sep 01 2022,,,
0xecccfa3536bac6afdb78da112d8b236616ff4700,5.466582649,0.0007,,"Thu, 17 Aug 2023 00:00:00 GMT",Thu Aug 18 2022,,,
0x0df1cbd74b191aab67a0c4f1f3c2047eb251fe41,5.403297051,0.0007,,"Thu, 24 Aug 2023 00:00:00 GMT",Tue Aug 30 2022,,,
0x7be91862e1c267717f23460df5a6cfaae4e7caa3,5.264336142,0.0007,,"Thu, 07 Sep 2023 00:00:00 GMT",Thu Sep 08 2022,,,
0x857dbb0e31daa0d3fb48f151d178288ef4d33a85,5.144260477,0.0007,,"Thu, 31 Aug 2023 00:00:00 GMT",Wed Sep 07 2022,,,
0x80a249b96e4e59871fb6f07b1ad2fd9ac66f3c92,5.094732753,0.0006,,"Thu, 17 Aug 2023 00:00:00 GMT",Thu Aug 18 2022,,,
0x9038f11ee755382a0fec7bb1b69da847d3b1baee,4.944018895,0.0006,,"Thu, 24 Aug 2023 00:00:00 GMT",Mon Aug 29 2022,,,
0x796535a9922b2f714d7d1e41ec7cf20d242964dd,4.893848364,0.0006,,"Thu, 31 Aug 2023 00:00:00 GMT",Mon Sep 12 2022,,,
0xf0f31ac0cd7179c13c030ca692954dd991bb9e31,4.862789608,0.0006,,"Thu, 17 Aug 2023 00:00:00 GMT",Thu Aug 18 2022,,,
0xdc01f7282929496904d81cddb7c267489c060936,4.832205164,0.0006,,"Thu, 17 Aug 2023 00:00:00 GMT",Mon Aug 22 2022,,,
0x4c47bb93d70caf8d602d8c98a4fadc02ef60555e,4.757076063,0.0006,,"Thu, 24 Aug 2023 00:00:00 GMT",Thu Aug 25 2022,,,
0x50da5095df4aa71dcd564bb9287954ffa14e4857,4.728661501,0.0006,,"Thu, 22 Dec 2022 00:00:00 GMT",Tue Sep 13 2022,,,
0xcd114ebb9c8eabaa2026160ccae56a6bd4103042,4.680958961,0.0006,,"Thu, 31 Aug 2023 00:00:00 GMT",Wed Aug 31 2022,,,
0xbd87fdad3cec221ebb4bf11f4ead250331752e17,4.614069054,0.0006,,"Thu, 31 Aug 2023 00:00:00 GMT",Mon Sep 12 2022,,,
0x3c96d9d7fc33a64b87baacb6e2bbcd23b526fdc9,4.558751115,0.0006,,"Thu, 31 Aug 2023 00:00:00 GMT",Sun Sep 04 2022,,,
0xe88084b3090b59bead13acfff476ef93a7e4cf9b,4.549394642,0.0006,,"Thu, 22 Dec 2022 00:00:00 GMT",Sun Sep 18 2022,,,
0x85eada0d605d905262687ad74314bc95837db4f9,4.410368825,0.0006,,"Thu, 17 Aug 2023 00:00:00 GMT",Fri Aug 19 2022,,,
0x4be7e634a3521fb83fcbaa947f0f86043e071cee,4.266168595,0.0005,,"Thu, 24 Aug 2023 00:00:00 GMT",Wed Aug 24 2022,,,
0xeb4321ef99c988f90134fb2cdc4181242102d552,4.046486201,0.0005,,"Thu, 21 Sep 2023 00:00:00 GMT",Fri Sep 23 2022,,,
0x0dddd7ef32e1adc892408dc903c8262070f29235,4.02782455,0.0005,,"Thu, 24 Aug 2023 00:00:00 GMT",Wed Aug 24 2022,,,
0xc25d524c5f2e2baee1d700ab148a912d827bb12b,3.979481658,0.0005,,"Thu, 31 Aug 2023 00:00:00 GMT",Tue Sep 06 2022,,,
0xe4ac2c56fbbb38db639feb066352425599eb77b8,3.925712563,0.0005,,"Thu, 01 Dec 2022 00:00:00 GMT",Tue Oct 25 2022,,,
0x25df4fe64b85b1a1dd9f76ba2f4097141ee6bd21,3.718566006,0.0005,,"Thu, 24 Nov 2022 00:00:00 GMT",Thu Sep 08 2022,,,
0x13ff91fe8475997f1e2ef53ae7973b3fdcce0426,3.695712608,0.0005,,"Thu, 31 Aug 2023 00:00:00 GMT",Wed Aug 31 2022,,,
0x6c9a31be3e9d16bf4efe7fa58d2ee166f4302e70,3.694707496,0.0005,,"Thu, 17 Aug 2023 00:00:00 GMT",Sat Aug 20 2022,,,
0x32d3749b841b39b40afeb9f8dd7ed306cb27aec5,3.622029718,0.0005,,"Thu, 01 Dec 2022 00:00:00 GMT",Thu Aug 25 2022,,,
0x893f593cf7a2f9fce2a533d4acbc1b5b09986738,3.525065484,0.0004,,"Thu, 10 Nov 2022 00:00:00 GMT",Tue Nov 01 2022,,,
0x5ca7aed8f72328fd52f1ec6d4958f201ef589e2f,3.403715573,0.0004,,"Thu, 31 Aug 2023 00:00:00 GMT",Thu Sep 01 2022,,,
0x11977f7be8538f8f6937ef567dc855a14ba16537,3.399642573,0.0004,,"Thu, 14 Sep 2023 00:00:00 GMT",Thu Sep 15 2022,,,
0x2c79807046f6fc3ca2ded46357dd3e18857fc01b,3.363111883,0.0004,,"Thu, 17 Nov 2022 00:00:00 GMT",Thu Aug 18 2022,,,
0xce3a81cfea739ff40bc894f3103596006b178d3d,3.346059086,0.0004,,"Thu, 17 Aug 2023 00:00:00 GMT",Sat Aug 20 2022,,,
0x617a94943a71e73f42657aacb8bceb96fc6b8879,3.317058221,0.0004,,"Thu, 10 Nov 2022 00:00:00 GMT",Tue Nov 01 2022,,,
0x1cfd43246750c9f755ed9a22a7e281f3aaa9cdd5,3.235120838,0.0004,,"Thu, 31 Aug 2023 00:00:00 GMT",Wed Aug 31 2022,,,
0xaa24c6793c7c0ae99760fb29b78aaf9f6f864967,3.217501976,0.0004,,"Thu, 24 Aug 2023 00:00:00 GMT",Wed Aug 24 2022,,,
0x13a5add7559cdf1c03e8f60db4daec0521a42062,3.145726998,0.0004,,"Thu, 17 Aug 2023 00:00:00 GMT",Tue Aug 23 2022,,,
0x815b96ba008258cad76dfef06719b1852faa1835,2.917204382,0.0004,,"Thu, 24 Aug 2023 00:00:00 GMT",Sun Aug 28 2022,,,
0x8f81ab6a9f1ab8548756cd5a45e5df0e7ed0350d,2.755026697,0.0004,,"Thu, 08 Dec 2022 00:00:00 GMT",Mon Aug 22 2022,,,
0x4209859ae2992f581d2678392b4ac80c13d5eed4,2.75362531,0.0004,,"Thu, 17 Aug 2023 00:00:00 GMT",Wed Aug 17 2022,,,
0x97b86ce964369cd77835e7f34ce9078cdb76a7e7,2.496173322,0.0003,,"Thu, 17 Aug 2023 00:00:00 GMT",Wed Aug 17 2022,,,
0x41866c62516a53aab59bb407484c3655b28eb60c,2.459743111,0.0003,,"Thu, 29 Dec 2022 00:00:00 GMT",Sun Oct 02 2022,,,
0x2b46bf044967cd4c998ec4eaf18aeadea4a3b8c5,2.442020863,0.0003,,"Thu, 17 Aug 2023 00:00:00 GMT",Tue Aug 23 2022,,,
0x43c7224d0e51f11d922075769baf752976f8147a,2.409389272,0.0003,,"Thu, 17 Aug 2023 00:00:00 GMT",Thu Aug 18 2022,,,
0x9bfd47e6b2ba20bc7e86eedf4e4d6a69f2dca869,2.396086842,0.0003,,"Thu, 10 Nov 2022 00:00:00 GMT",Mon Oct 31 2022,,,
0x2adc1f58f3893cecb2e771b3b63c1d649e5bafc4,2.274879988,0.0003,,"Thu, 16 Feb 2023 00:00:00 GMT",Sun Aug 21 2022,,,
0xa5417fbcf7191c72b4cc18a2baa3a61d61d8389c,1.960718313,0.0002,,"Thu, 17 Aug 2023 00:00:00 GMT",Thu Aug 18 2022,,,
0xfcc582fabe08e9bd8c46779223f321d3d53f0657,1.800163549,0.0002,,"Thu, 17 Nov 2022 00:00:00 GMT",Tue Aug 16 2022,,,
0x5eb5a01b3b18dedc76f574a08368af874cb53af0,1.778039214,0.0002,,"Thu, 17 Aug 2023 00:00:00 GMT",Sat Aug 20 2022,,,
0x3ffa11acc1b21d44ddc39416f072c57e0b6ac957,1.728955526,0.0002,,"Thu, 17 Aug 2023 00:00:00 GMT",Mon Aug 22 2022,,,
0xf426af8ed35974972f973041c81ab8aaaadf010f,1.712350664,0.0002,,"Thu, 23 Feb 2023 00:00:00 GMT",Fri Sep 09 2022,,,
0x5c7ba603b73b14794dd14a5ec9c3bf3382af53cd,1.674398395,0.0002,,"Thu, 24 Nov 2022 00:00:00 GMT",Sat Aug 20 2022,,,
0x7776f23b9cd5a69d894a6bf3cc67c87cca73b90f,1.628656259,0.0002,,"Thu, 24 Aug 2023 00:00:00 GMT",Thu Aug 25 2022,,,
0x3ea52fd153bbfcbd8fe915ee598838a2a0d7ef1d,1.623721702,0.0002,,"Thu, 17 Aug 2023 00:00:00 GMT",Wed Aug 17 2022,,,
0x7515b2facbf0fedd7a47f68b4d6ad7558bce2fb7,1.489880753,0.0002,,"Thu, 01 Dec 2022 00:00:00 GMT",Fri Aug 26 2022,,,
0xb71c019f600a0dcd82eb8dc353e359a23427ad2c,1.481970024,0.0002,,"Thu, 07 Sep 2023 00:00:00 GMT",Fri Sep 09 2022,,,
0x2a6782c22129925f6c0e5939abb7b379e11c4f7d,1.469764854,0.0002,,"Thu, 05 Oct 2023 00:00:00 GMT",Fri Oct 07 2022,,,
0x861143467af3520607aabbd023675039c3cd0367,1.403438339,0.0002,,"Thu, 17 Aug 2023 00:00:00 GMT",Sat Aug 20 2022,,,
0x1fc7ba83e89bb974fe2d249dfa115a868dc864e5,1.387005865,0.0002,,"Thu, 26 Oct 2023 00:00:00 GMT",Tue Nov 01 2022,,,
0xdd9b7c83c5e85244716d4afdd96f56983c91954a,1.381206478,0.0002,,"Thu, 23 Feb 2023 00:00:00 GMT",Thu Aug 25 2022,,,
0x93c8c5e46c92d3a5001b54d01bec369262773a1f,1.28526862,0.0002,,"Thu, 29 Dec 2022 00:00:00 GMT",Thu Sep 01 2022,,,
0x30f9b6187d417821f2b352a1fc7c76547c08b8ef,1.250796455,0.0002,,"Thu, 24 Nov 2022 00:00:00 GMT",Fri Oct 21 2022,,,
0x56648e3a7ac77da7cf9c12e37cae739b1f8b551b,1.246309114,0.0002,,"Thu, 17 Nov 2022 00:00:00 GMT",Thu Aug 18 2022,,,
0x2e7d56de3a38d60d9c9cb30bbeaf32f3a3a7e19d,1.191994765,0.0002,,"Thu, 24 Nov 2022 00:00:00 GMT",Tue Sep 27 2022,,,
0x5490be7403601243d7e9a98c5139071fb66cfbac,1.157841486,0.0001,,"Thu, 17 Aug 2023 00:00:00 GMT",Wed Aug 17 2022,,,
0x76bb505aa1e1533f34317362f98c2c4b852cca1d,1.15425343,0.0001,,"Thu, 10 Nov 2022 00:00:00 GMT",Tue Oct 25 2022,,,
0x3b23b7c99a23d6ca0803f22b60921c0953a0185b,1.148195825,0.0001,,"Thu, 17 Aug 2023 00:00:00 GMT",Tue Aug 23 2022,,,
0x675b6834c5c0a4610ed4421adc19b962425dac32,1.052338763,0.0001,,"Thu, 22 Dec 2022 00:00:00 GMT",Sun Sep 18 2022,,,
0x473107621be2a0736b33a6ec9cefb6dd3e5bbc92,1.031798588,0.0001,,"Thu, 17 Aug 2023 00:00:00 GMT",Tue Aug 23 2022,,,
0xd7664c12b16b659a7e743adc28d4747eacbd5523,1.017479304,0.0001,,"Thu, 16 Feb 2023 00:00:00 GMT",Sun Aug 21 2022,,,
0x3b3f389d556acf95b011a09a0c3fd970589f039e,0.9974235584,0.0001,,"Thu, 24 Nov 2022 00:00:00 GMT",Thu Aug 18 2022,,,
0xd25f3ff4d63179800dce837dc5412dac1ba6133f,0.8610757227,0.0001,,"Thu, 13 Apr 2023 00:00:00 GMT",Sun Sep 25 2022,,,
0xb1d61fb24ae6d313414dc0ab6cd8cfc3c8052a81,0.7909030092,0.0001,,"Thu, 10 Nov 2022 00:00:00 GMT",Sat Oct 01 2022,,,
0x1555d126e096a296a5870a566db224fd9cf72f03,0.7863868277,0.0001,,"Thu, 17 Aug 2023 00:00:00 GMT",Tue Aug 16 2022,,,
0xccc7634e22c2714e464218901d29363ceef540a6,0.7605800989,0.0001,,"Thu, 24 Nov 2022 00:00:00 GMT",Sun Aug 21 2022,,,
0x9430616ef223c59539e0a985ab72d7e0476661e4,0.6987344821,0.0001,,"Thu, 24 Aug 2023 00:00:00 GMT",Sun Aug 28 2022,,,
0xf1732885d4505bee2b00ea27546bf748cc447ea4,0.6667937302,0.0001,,"Thu, 17 Aug 2023 00:00:00 GMT",Tue Aug 23 2022,,,
0x2775df2cc7b08fa2a29602332b3e4ddd7f43ae2c,0.6164649692,0.0001,,"Thu, 24 Nov 2022 00:00:00 GMT",Thu Aug 25 2022,,,
0xa0fc64bd9f0eed5e50bcd408c55d23cb2bf924eb,0.5713543362,0.0001,,"Thu, 24 Nov 2022 00:00:00 GMT",Wed Aug 24 2022,,,
0xcf9d879f03607c3d411c9449b410f3964d449730,0.5682001925,0.0001,,"Thu, 24 Aug 2023 00:00:00 GMT",Wed Aug 24 2022,,,
0x840bdc61e0ee676a32a617f27bc611b5036de1dc,0.5343062827,0.0001,,"Thu, 10 Nov 2022 00:00:00 GMT",Fri Aug 26 2022,,,
0x194697d11d1b3446d97ddb8dc9d65f14f4f9b96b,0.5228837886,0.0001,,"Thu, 17 Aug 2023 00:00:00 GMT",Sun Aug 21 2022,,,
0x1273a382f895456899eec9901d64c479d18f1750,0.5175592044,0.0001,,"Thu, 24 Aug 2023 00:00:00 GMT",Mon Aug 29 2022,,,
0x9744706728e5db4d535dbf2fe1e6a4ea6cdb1ea7,0.5144695798,0.0001,,"Thu, 17 Aug 2023 00:00:00 GMT",Thu Aug 18 2022,,,
0x8faa163cafb3686a1f92d959b9dd55761d07c355,0.506155734,0.0001,,"Thu, 16 Feb 2023 00:00:00 GMT",Thu Aug 18 2022,,,
0x97822dd967d97b4464a9bee75d9b5f6a0145d2e1,0.4739851157,0.0001,,"Thu, 20 Jul 2023 00:00:00 GMT",Sun Aug 21 2022,,,
0xcf8720dcfd0b62c81e376ad7ce65045f89565ccb,0.4600651885,0.0001,,"Thu, 17 Aug 2023 00:00:00 GMT",Sun Aug 21 2022,,,
0xa2734c4ec5beaea1c85e5d65da72d19ea24c29f1,0.4184484598,0.0001,,"Thu, 15 Dec 2022 00:00:00 GMT",Fri Sep 09 2022,,,